"Star_idx"|"fkey"|"Substructure"
1|"LC"|"LC,Tamar Pact,Tamar Domains"
8|"LC"|"LC,Protectorate of Donegal,Alarion Province"
12|"CC"|"CC,St. Ives Commonality,Region 6"
15|"CC"|"CC,Tikonov Commonality,Region 3"
16|"LC"|"LC,Federation of Skye,Kannon Shire"
19|"OA"|"OA,Onverwacht Province"
24|"DC"|"DC,Pesht Military District,Pusht-i-rud Prefecture"
25|"MOC"|"MOC,Luxen Province"
27|"LC"|"LC,Protectorate of Donegal,Coventry Province"
28|"FS"|"FS,Crucis March,Minette Operational Area,Broken Wheel Combat Region"
36|"MOC"|"MOC,Canopus District"
44|"LC"|"LC,Protectorate of Donegal,Alarion Province"
45|"FWL"|"FWL,Principality of Regulus"
46|"DC"|"DC,Benjamin Military District,Kajikazawa Prefecture"
49|"LC"|"LC,Protectorate of Donegal,Alarion Province"
52|"LC"|"LC,Protectorate of Donegal,Alarion Province,Minor Capital"
54|"FWL"|"FWL,Duchy of Graham-Marik"
56|"LC"|"LC,Federation of Skye,Isle of Skye"
62|"OA"|"OA,Ramora Province"
65|"LC"|"LC,Federation of Skye,Virginia Shire,Minor Capital"
68|"DC"|"DC,Dieron Military District,Kuzuu Prefecture"
73|"LC"|"LC,Federation of Skye,Isle of Skye"
76|"LC"|"LC,Federation of Skye,Rahneshire"
81|"LC"|"LC,Protectorate of Donegal,District of Donegal"
82|"CC"|"CC,Chesterton Commonality"
84|"FS"|"FS,Draconis March,Robinson Operational Area"
85|"DC"|"DC,Dieron Military District,Kuzuu Prefecture"
87|"CC"|"CC,Tikonov Commonality,Region 4"
89|"LC"|"LC,Federation of Skye,Isle of Skye"
93|"FS"|"FS,Crucis March,Chirikof Operational Area,Region 1"
96|"FS"|"FS,Draconis March,Woodbine Operational Area"
97|"DC"|"DC,Dieron Military District,Lone Star Prefecture"
105|"DC"|"DC,Pesht Military District,Bjarred Prefecture"
114|"TC"|"TC,Perdition Union"
115|"CC"|"CC,St. Ives Commonality,Region 4"
124|"FS"|"FS,Capellan March,Taygeta Operational Area,Region 2"
125|"I"|"I"
126|"DC"|"DC,Dieron Military District,Ashio Prefecture"
133|"LC"|"LC,Protectorate of Donegal,Coventry Province"
136|"CC"|"CC,Tikonov Commonality,Region 4"
140|"DC"|"DC,Dieron Military District,Addicks Prefecture"
142|"DC"|"DC,Benjamin Military District,Irurzun Prefecture"
145|"I"|"I"
147|"CC"|"CC,Andurien Commonality,Region 2"
156|"LC"|"LC,Tamar Pact,Trellshire"
158|"DC"|"DC,Benjamin Military District,Irurzun Prefecture"
160|"CC"|"CC,Sian Commonality,Region 13"
164|"A"|"A"
167|"LC"|"LC,Protectorate of Donegal,District of Donegal"
170|"LC"|"LC,Protectorate of Donegal,Furillo Province"
175|"I"|"I"
180|"A"|"A"
188|"FWL"|"FWL,Marik Commonwealth"
195|"FWL"|"FWL,Duchy of Andurien"
197|"CC"|"CC,Tikonov Commonality,Region 8"
201|"LC"|"LC,Protectorate of Donegal,District of Donegal"
203|"TC"|"TC,Hyades Union"
204|"DC"|"DC,Dieron Military District,Lone Star Prefecture"
205|"FWL"|"FWL,Principality of Regulus"
207|"DC"|"DC,Benjamin Military District,Baldur Prefecture"
209|"FWL"|"FWL,Marik Commonwealth"
213|"LC"|"LC,Protectorate of Donegal,District of Donegal"
214|"I"|"I"
215|"LC"|"LC,Protectorate of Donegal,Coventry Province"
222|"A"|"A"
223|"DC"|"DC,Benjamin Military District,Kajikazawa Prefecture"
227|"FWL"|"FWL"
228|"FWL"|"FWL"
229|"CC"|"CC,Tikonov Commonality,Region 6"
230|"OA"|"OA,Traders Domain"
234|"DC"|"DC,Galedon Military District,New Samarkand Prefecture"
237|"LC"|"LC,Protectorate of Donegal,Coventry Province"
244|"MOC"|"MOC,Ballad Province,Major Capital"
246|"LC"|"LC,Tamar Pact,Tamar Domains"
251|"CC"|"CC,Capella Commonality,Region 2"
255|"OA"|"OA,Ramora Province"
257|"FS"|"FS,Crucis March,Chirikof Operational Area,Region 3"
259|"FWL"|"FWL"
260|"FS"|"FS,Draconis March,Robinson Operational Area,Region 4"
261|"CC"|"CC,Sian Commonality,Region 8"
265|"LC"|"LC,Protectorate of Donegal,Coventry Province"
269|"MOC"|"MOC,Canopus District"
270|"FS"|"FS,Draconis March,Woodbine Operational Area"
272|"FS"|"FS,Draconis March,Woodbine Operational Area,Region 4"
274|"FS"|"FS,Crucis March,Markesan Operational Area,Region 1"
275|"I"|"I"
277|"LC"|"LC,Federation of Skye,Kannon Shire"
285|"FS"|"FS,Crucis March,Markesan Operational Area,Region 1"
289|"DC"|"DC,Galedon Military District,New Samarkand Prefecture"
291|"CC"|"CC,Sian Commonality,Region 6"
292|"CC"|"CC,Sarna Commonality,Region 2"
298|"CC"|"CC,Tikonov Commonality,Region 5"
300|"DC"|"DC,Galedon Military District,Matsuida Prefecture"
305|"I"|"I"
309|"FWL"|"FWL"
310|"LC"|"LC,Tamar Pact,Tamar Domains"
318|"FS"|"FS,Draconis March,Robinson Operational Area,Region 4"
319|"CC"|"CC,Tikonov Commonality,Region 6"
324|"LC"|"LC,Protectorate of Donegal,Coventry Province"
329|"LC"|"LC,Tamar Pact,Tamar Domains"
336|"LC"|"LC,Protectorate of Donegal,Furillo Province"
337|"LC"|"LC,Protectorate of Donegal,Coventry Province"
339|"I"|"I"
342|"CC"|"CC,St. Ives Commonality,Region 5"
343|"FS"|"FS,Capellan March,Kathil Operational Area,Region 3"
344|"OA"|"OA,Blommestein Province,Major Capital"
345|"LC"|"LC,Tamar Pact,Camlann Shire"
349|"FS"|"FS,Crucis March,Minette Operational Area,Point Barrow Combat Region"
352|"CC"|"CC,Capella Commonality,Region 6"
356|"FS"|"FS,Crucis March,Markesan Operational Area,Region 2"
358|"FWL"|"FWL"
364|"MOC"|"MOC,Canopus District"
367|"CC"|"CC,Sian Commonality,Region 9"
368|"FWL"|"FWL,Marik Commonwealth"
370|"LC"|"LC,Tamar Pact,Camlann Shire"
375|"A"|"A"
380|"FS"|"FS,Capellan March,Kathil Operational Area,Region 2"
381|"DC"|"DC,Pesht Military District,Pusht-i-rud Prefecture"
382|"FS"|"FS,Capellan March,Kathil Operational Area,Region 2"
384|"A"|"A"
387|"I"|"I"
388|"FS"|"FS,Draconis March,Woodbine Operational Area,Region 2"
389|"CC"|"CC,Sian Commonality,Region 8"
390|"LC"|"LC,Protectorate of Donegal,District of Donegal"
392|"DC"|"DC,Pesht Military District,Pusht-i-rud Prefecture"
395|"TC"|"TC,Hyades Union"
409|"FS"|"FS,Capellan March,Taygeta Operational Area,Region 2"
410|"CC"|"CC,Tikonov Commonality,Region 1"
415|"DC"|"DC,Galedon Military District,Kaznejoy Prefecture"
417|"CC"|"CC,Sian Commonality,Region 8"
418|"A"|"A"
419|"TC"|"TC,Hyades Union"
426|"DC"|"DC,Pesht Military District,Bjarred Prefecture"
429|"FS"|"FS,Draconis March,Woodbine Operational Area"
431|"FS"|"FS,Crucis March,Markesan Operational Area,Region 2"
433|"FWL"|"FWL,Marik Commonwealth"
435|"FWL"|"FWL"
436|"I"|"I"
437|"LC"|"LC,Tamar Pact,Camlann Shire"
439|"LC"|"LC,Protectorate of Donegal,Coventry Province"
440|"LC"|"LC,Federation of Skye,Rahneshire"
444|"LC"|"LC,Protectorate of Donegal,District of Donegal"
446|"CC"|"CC,Sian Commonality,Region 1"
447|"CC"|"CC,Andurien Commonality,Region 3,Major Capital"
449|"TC"|"TC,Hyades Union"
455|"CC"|"CC,Capella Commonality,Region 5"
456|"FWL"|"FWL,Marik Commonwealth"
458|"FWL"|"FWL,Rim Commonality"
459|"LC"|"LC,Protectorate of Donegal,Coventry Province"
474|"FS"|"FS,Capellan March,Kathil Operational Area,Region 1"
477|"FS"|"FS,Capellan March,Taygeta Operational Area,Region 2"
478|"A"|"A"
479|"CC"|"CC,Sian Commonality,Region 6"
480|"FS"|"FS,Capellan March,Taygeta Operational Area,Region 1"
482|"LC"|"LC,Federation of Skye,Virginia Shire"
487|"CC"|"CC,Tikonov Commonality,Region 1"
490|"DC"|"DC,Rasalhague Military District,Tinaca Prefecture"
494|"MOC"|"MOC,Canopus District"
498|"MOC"|"MOC,Ballad Province"
509|"FS"|"FS,Crucis March,Minette Operational Area,Tsamma Combat Region"
510|"I"|"I"
511|"LC"|"LC,Federation of Skye,Virginia Shire"
515|"FWL"|"FWL"
518|"LC"|"LC,Tamar Pact,Camlann Shire"
528|"DC"|"DC,Dieron Military District,Lone Star Prefecture"
532|"CC"|"CC,Sian Commonality,Region 8"
534|"FWL"|"FWL"
535|"FS"|"FS,Crucis March,Markesan Operational Area,Region 1"
538|"DC"|"DC,Dieron Military District,Ashio Prefecture"
539|"FS"|"FS,Capellan March,Taygeta Operational Area,Region 2"
544|"FS"|"FS,Crucis March,Chirikof Operational Area,Region 1,Minor Capital"
551|"A"|"A"
555|"LC"|"LC,Protectorate of Donegal,Furillo Province"
556|"DC"|"DC,Pesht Military District,Bjarred Prefecture"
557|"LC"|"LC,Protectorate of Donegal,Alarion Province"
558|"I"|"I"
560|"LC"|"LC,Protectorate of Donegal,Furillo Province"
561|"CF"|"CF,Faction Capital"
563|"CC"|"CC,Sian Commonality,Region 4"
566|"LC"|"LC,Protectorate of Donegal,Coventry Province"
569|"FS"|"FS,Draconis March,Robinson Operational Area,Region 1"
572|"FS"|"FS,Crucis March,Markesan Operational Area,Region 2"
575|"FWL"|"FWL"
579|"FS"|"FS,Crucis March,Markesan Operational Area,Region 3"
580|"FS"|"FS,Crucis March,Chirikof Operational Area,Region 1"
581|"CC"|"CC,Sian Commonality,Region 9"
585|"LC"|"LC,Protectorate of Donegal,Coventry Province"
586|"FWL"|"FWL,Marik Commonwealth"
597|"CC"|"CC,St. Ives Commonality,Region 7"
600|"FWL"|"FWL,Marik Commonwealth"
602|"CC"|"CC,Sian Commonality,Region 12"
609|"DC"|"DC,Pesht Military District,Coudoux Prefecture,Minor Capital"
617|"FS"|"FS,Capellan March,Taygeta Operational Area,Region 2"
620|"OC"|"OC"
623|"OA"|"OA,Traders Domain"
627|"FS"|"FS,Draconis March,Robinson Operational Area,Region 4"
630|"LC"|"LC,Tamar Pact,Trellshire"
631|"FS"|"FS,Crucis March,Chirikof Operational Area,Region 3"
632|"A"|"A"
634|"LC"|"LC,Protectorate of Donegal,District of Donegal"
638|"LC"|"LC,Tamar Pact,Tamar Domains"
639|"A"|"A"
642|"DC"|"DC,Pesht Military District,Kagoshima Prefecture"
645|"DC"|"DC,Dieron Military District,Kuzuu Prefecture"
649|"FWL"|"FWL"
653|"FWL"|"FWL,Federation of Oriente"
655|"DC"|"DC,Rasalhague Military District,Trondheim Prefecture"
656|"FWL"|"FWL"
657|"FWL"|"FWL,Federation of Oriente"
661|"LC"|"LC,Protectorate of Donegal,Alarion Province"
662|"A"|"A"
665|"FS"|"FS,Crucis March,Chirikof Operational Area,Region 2"
668|"DC"|"DC,Rasalhague Military District,Radstadt Prefecture"
673|"FS"|"FS,Crucis March,Markesan Operational Area,Region 2"
676|"LC"|"LC,Tamar Pact,Camlann Shire"
681|"FS"|"FS,Crucis March,Markesan Operational Area,Region 3"
690|"LC"|"LC,Federation of Skye,Isle of Skye"
691|"LC"|"LC,Tamar Pact,Trellshire"
695|"FWL"|"FWL,Duchy of Andurien"
697|"A"|"A"
698|"I"|"I"
704|"CC"|"CC,St. Ives Commonality,Region 6"
705|"FWL"|"FWL"
707|"FS"|"FS,Draconis March,Woodbine Operational Area,Region 1"
708|"TC"|"TC,Perdition Union"
711|"CC"|"CC,Sian Commonality,Region 8"
714|"DC"|"DC,Dieron Military District,Lone Star Prefecture,Major Capital"
715|"FWL"|"FWL"
716|"CC"|"CC,Sian Commonality,Region 3"
719|"OA"|"OA,Ramora Province"
722|"FS"|"FS,Crucis March,Markesan Operational Area,Region 3"
726|"FS"|"FS,Draconis March,Robinson Operational Area,Region 2"
728|"LC"|"LC,Tamar Pact,Tamar Domains"
729|"OA"|"OA,Blommestein Province"
730|"LC"|"LC,Tamar Pact,Tamar Domains"
731|"LC"|"LC,Protectorate of Donegal,District of Donegal,Major Capital"
733|"FS"|"FS,Draconis March,Robinson Operational Area,Region 3"
734|"FS"|"FS,Crucis March,Minette Operational Area,Point Barrow Combat Region"
737|"CC"|"CC,St. Ives Commonality,Region 3"
738|"OA"|"OA,Ramora Province"
740|"LC"|"LC,Protectorate of Donegal,Furillo Province"
751|"TC"|"TC,Dumassas Union,Major Capital"
752|"MOC"|"MOC,Luxen Province"
755|"MOC"|"MOC,Ballad Province"
756|"LC"|"LC,Protectorate of Donegal,Alarion Province"
761|"DC"|"DC,Benjamin Military District,Kajikazawa Prefecture"
765|"LC"|"LC,Federation of Skye,Virginia Shire"
766|"DC"|"DC,Pesht Military District,Kagoshima Prefecture"
779|"A"|"A"
782|"FS"|"FS,Capellan March,Taygeta Operational Area,Region 2"
783|"LC"|"LC,Protectorate of Donegal,Coventry Province"
787|"FWL"|"FWL,Federation of Oriente"
789|"DC"|"DC,Galedon Military District,Matsuida Prefecture"
791|"DC"|"DC,Dieron Military District,Kuzuu Prefecture"
795|"FWL"|"FWL"
796|"DC"|"DC,Dieron Military District,Kuzuu Prefecture"
804|"DC"|"DC,Rasalhague Military District,Radstadt Prefecture"
810|"LC"|"LC,Protectorate of Donegal,Alarion Province"
818|"FWL"|"FWL"
823|"CC"|"CC,Andurien Commonality,Region 3"
825|"FS"|"FS,Crucis March,Chirikof Operational Area,Region 3"
829|"TC"|"TC,Perdition Union"
830|"FS"|"FS,Crucis March,Minette Operational Area,Broken Wheel Combat Region"
840|"FS"|"FS,Draconis March,Woodbine Operational Area,Region 2"
841|"FS"|"FS,Draconis March,Robinson Operational Area,Region 4"
843|"I"|"I"
853|"FS"|"FS,Crucis March,Markesan Operational Area,Region 1"
856|"LC"|"LC,Tamar Pact,Camlann Shire"
857|"OA"|"OA,Blommestein Province"
858|"DC"|"DC,Benjamin Military District,Proserpina Prefecture"
859|"DC"|"DC,Rasalhague Military District,Radstadt Prefecture"
860|"LC"|"LC,Protectorate of Donegal,Alarion Province"
861|"DC"|"DC,Rasalhague Military District,Radstadt Prefecture"
865|"FS"|"FS,Crucis March,Minette Operational Area,Broken Wheel Combat Region"
875|"LC"|"LC,Protectorate of Donegal,Alarion Province"
877|"CC"|"CC,Sian Commonality,Region 15"
878|"LC"|"LC,Protectorate of Donegal,Coventry Province"
881|"CC"|"CC,Tikonov Commonality,Region 3"
888|"FWL"|"FWL,Marik Commonwealth"
889|"OA"|"OA,Onverwacht Province"
892|"CC"|"CC,Sarna Commonality,Region 2"
894|"LC"|"LC,Protectorate of Donegal,District of Donegal"
896|"FS"|"FS,Capellan March,Taygeta Operational Area,Region 2"
899|"CC"|"CC,Sian Commonality,Region 11"
904|"CC"|"CC,Sian Commonality,Region 2"
911|"FWL"|"FWL,Principality of Regulus"
914|"LC"|"LC,Federation of Skye,Isle of Skye"
921|"FWL"|"FWL"
923|"LC"|"LC,Protectorate of Donegal,Furillo Province"
933|"DC"|"DC,Galedon Military District,Matsuida Prefecture"
941|"LC"|"LC,Protectorate of Donegal,Coventry Province"
944|"CC"|"CC,Sarna Commonality,Region 7"
949|"LC"|"LC,Protectorate of Donegal,Furillo Province"
953|"LC"|"LC,Protectorate of Donegal,Furillo Province"
954|"I"|"I"
956|"LC"|"LC,Protectorate of Donegal,District of Donegal"
958|"TC"|"TC,Brinton Union"
961|"A"|"A"
963|"LC"|"LC,Federation of Skye,Virginia Shire"
978|"FWL"|"FWL,Federation of Oriente"
986|"DC"|"DC,Galedon Military District,New Samarkand Prefecture"
989|"FWL"|"FWL"
993|"FWL"|"FWL,Duchy of Andurien"
996|"DC"|"DC,Pesht Military District,Pusht-i-rud Prefecture"
997|"FS"|"FS,Crucis March,Markesan Operational Area,Region 3"
998|"LC"|"LC,Protectorate of Donegal,Furillo Province"
999|"FS"|"FS,Crucis March,Chirikof Operational Area,Region 3"
1000|"LC"|"LC,Protectorate of Donegal,Coventry Province"
1005|"FWL"|"FWL"
1008|"DC"|"DC,Benjamin Military District,Proserpina Prefecture"
1012|"LC"|"LC,Tamar Pact,Camlann Shire"
1013|"LC"|"LC,Protectorate of Donegal,District of Donegal"
1014|"FS"|"FS,Capellan March,Taygeta Operational Area,Region 2"
1016|"LC"|"LC,Protectorate of Donegal,Coventry Province"
1021|"CC"|"CC,St. Ives Commonality,Region 4"
1022|"FS"|"FS,Crucis March,Chirikof Operational Area,Region 1"
1024|"I"|"I"
1026|"CC"|"CC,St. Ives Commonality,Region 7"
1029|"CC"|"CC,St. Ives Commonality,Region 5"
1031|"I"|"I"
1035|"DC"|"DC,Galedon Military District,Oshika Prefecture"
1041|"OA"|"OA,Cerberus Province"
1043|"LC"|"LC,Protectorate of Donegal,District of Donegal"
1050|"DC"|"DC,Pesht Military District,Coudoux Prefecture"
1051|"TC"|"TC,Perdition Union"
1052|"CC"|"CC,Sian Commonality,Region 9"
1056|"CC"|"CC,Sian Commonality,Region 5"
1057|"MOC"|"MOC,Canopus District"
1060|"FS"|"FS,Draconis March,Robinson Operational Area,Region 4"
1075|"FS"|"FS,Crucis March,Chirikof Operational Area,Region 2"
1076|"FWL"|"FWL"
1088|"FWL"|"FWL,Principality of Regulus"
1090|"FWL"|"FWL,Stewart Confederation"
1093|"FS"|"FS,Crucis March,Minette Operational Area,Broken Wheel Combat Region"
1096|"LC"|"LC,Tamar Pact,Trellshire"
1105|"CC"|"CC,Sian Commonality,Region 4"
1106|"A"|"A"
1107|"CC"|"CC,Sian Commonality,Region 13"
1108|"FS"|"FS,Draconis March,Woodbine Operational Area"
1112|"I"|"I"
1114|"FWL"|"FWL,Regulan Free States"
1118|"FS"|"FS,Capellan March,Taygeta Operational Area,Region 2"
1119|"FS"|"FS,Capellan March,Taygeta Operational Area,Region 2"
1120|"FWL"|"FWL,Marik Commonwealth"
1121|"FS"|"FS,Crucis March,Minette Operational Area,Broken Wheel Combat Region"
1122|"FS"|"FS,Draconis March,Robinson Operational Area,Region 4"
1123|"DC"|"DC,Rasalhague Military District,Radstadt Prefecture"
1128|"DC"|"DC,Benjamin Military District,Proserpina Prefecture"
1133|"LC"|"LC,Protectorate of Donegal,Coventry Province"
1146|"DC"|"DC,Pesht Military District,Ningxia Prefecture"
1147|"DC"|"DC,Galedon Military District,Kaznejoy Prefecture"
1151|"FS"|"FS,Draconis March,Woodbine Operational Area"
1158|"FS"|"FS,Crucis March,Markesan Operational Area,Region 2"
1161|"FS"|"FS,Capellan March,Taygeta Operational Area,Region 2"
1162|"LC"|"LC,Protectorate of Donegal,Furillo Province"
1163|"DC"|"DC,Pesht Military District,Kagoshima Prefecture"
1164|"LC"|"LC,Tamar Pact,Tamar Domains"
1166|"FWL"|"FWL"
1167|"LC"|"LC,Tamar Pact,Trellshire"
1178|"FWL"|"FWL,Principality of Regulus"
1181|"TC"|"TC,Hyades Union"
1184|"A"|"A"
1190|"TC"|"TC,Hyades Union"
1191|"LC"|"LC,Protectorate of Donegal,Coventry Province"
1199|"CC"|"CC,Tikonov Commonality,Region 3"
1200|"A"|"A"
1202|"FS"|"FS,Draconis March,Woodbine Operational Area,Region 4"
1204|"I"|"I"
1205|"FWL"|"FWL,Marik Commonwealth"
1206|"FS"|"FS,Crucis March,Markesan Operational Area,Region 3"
1207|"CC"|"CC,Sian Commonality,Region 1"
1208|"DC"|"DC,Pesht Military District,Kagoshima Prefecture"
1211|"DC"|"DC,Benjamin Military District,Irurzun Prefecture,Minor Capital"
1215|"TC"|"TC,Hyades Union"
1216|"FS"|"FS,Crucis March,Chirikof Operational Area,Region 2"
1218|"DC"|"DC,Pesht Military District,Kagoshima Prefecture"
1233|"TC"|"TC,Hyades Union"
1236|"FWL"|"FWL"
1237|"DC"|"DC,Rasalhague Military District,Trondheim Prefecture"
1249|"LC"|"LC,Protectorate of Donegal,Coventry Province"
1251|"DC"|"DC,Rasalhague Military District,Trondheim Prefecture"
1252|"FWL"|"FWL,Principality of Regulus"
1257|"FS"|"FS,Crucis March,Markesan Operational Area,Region 1"
1262|"OA"|"OA,Baliggora Province"
1264|"FWL"|"FWL,Federation of Oriente"
1271|"FS"|"FS,Draconis March,Woodbine Operational Area"
1272|"DC"|"DC,Pesht Military District,Coudoux Prefecture"
1274|"CC"|"CC,St. Ives Commonality,Region 5"
1275|"DC"|"DC,Pesht Military District,Kagoshima Prefecture,Minor Capital"
1276|"FS"|"FS,Crucis March,Chirikof Operational Area,Region 1"
1278|"FS"|"FS,Capellan March,Taygeta Operational Area,Region 2"
1282|"OA"|"OA,Baliggora Province"
1286|"LC"|"LC,Protectorate of Donegal,Alarion Province"
1294|"FWL"|"FWL,Principality of Regulus"
1296|"LC"|"LC,Tamar Pact,Camlann Shire"
1297|"LC"|"LC,Protectorate of Donegal,Alarion Province"
1299|"LC"|"LC,Tamar Pact,Tamar Domains"
1301|"CC"|"CC,Capella Commonality,Region 7"
1305|"FWL"|"FWL,Principality of Regulus"
1306|"A"|"A"
1307|"LC"|"LC,Protectorate of Donegal,Alarion Province"
1308|"DC"|"DC,Dieron Military District,Kuzuu Prefecture"
1310|"DC"|"DC,Dieron Military District,Kuzuu Prefecture"
1313|"CC"|"CC,Tikonov Commonality,Region 4"
1314|"DC"|"DC,Galedon Military District,New Samarkand Prefecture"
1316|"CC"|"CC,Sian Commonality,Region 11"
1320|"DC"|"DC,Galedon Military District,New Samarkand Prefecture"
1324|"DC"|"DC,Rasalhague Military District,Radstadt Prefecture"
1327|"FS"|"FS,Draconis March,Woodbine Operational Area,Region 1"
1328|"OA"|"OA,Onverwacht Province"
1338|"FWL"|"FWL,Marik Commonwealth"
1340|"LC"|"LC,Protectorate of Donegal,Coventry Province"
1345|"DC"|"DC,Benjamin Military District,Baldur Prefecture"
1349|"FWL"|"FWL"
1351|"FS"|"FS,Crucis March,Chirikof Operational Area,Region 1"
1355|"A"|"A"
1357|"OA"|"OA,Ramora Province"
1361|"LC"|"LC,Federation of Skye,Virginia Shire"
1363|"FS"|"FS,Crucis March,Markesan Operational Area,Region 2"
1365|"DC"|"DC,Rasalhague Military District,Trondheim Prefecture"
1366|"FS"|"FS,Capellan March,Taygeta Operational Area,Region 2"
1367|"DC"|"DC,Benjamin Military District,Proserpina Prefecture"
1368|"LC"|"LC,Protectorate of Donegal,Alarion Province"
1376|"MOC"|"MOC,Ballad Province"
1379|"CC"|"CC,St. Ives Commonality,Region 3"
1381|"DC"|"DC,Dieron Military District,Lone Star Prefecture"
1386|"CC"|"CC,Capella Commonality,Region 2"
1392|"LC"|"LC,Federation of Skye,Virginia Shire"
1393|"LC"|"LC,Tamar Pact,Tamar Domains"
1396|"LC"|"LC,Protectorate of Donegal,Coventry Province"
1403|"LC"|"LC,Protectorate of Donegal,Alarion Province"
1404|"FS"|"FS,Crucis March,Chirikof Operational Area,Region 1"
1406|"DC"|"DC,Benjamin Military District,Xinyang Prefecture"
1410|"A"|"A"
1417|"LC"|"LC,Protectorate of Donegal,Coventry Province"
1418|"FS"|"FS,Crucis March,Minette Operational Area,Tsamma Combat Region"
1421|"FS"|"FS,Capellan March,Taygeta Operational Area,Region 1"
1424|"DC"|"DC,Benjamin Military District,Proserpina Prefecture"
1429|"LC"|"LC,Protectorate of Donegal,Alarion Province"
1430|"FWL"|"FWL,Duchy of Andurien"
1431|"LC"|"LC,Protectorate of Donegal,Coventry Province"
1436|"LC"|"LC,Tamar Pact,Tamar Domains"
1443|"TC"|"TC,Hyades Union"
1449|"FWL"|"FWL,Marik Commonwealth"
1456|"CC"|"CC,St. Ives Commonality,Region 7"
1457|"DC"|"DC,Benjamin Military District,Proserpina Prefecture"
1459|"CC"|"CC,Sian Commonality,Region 12"
1460|"A"|"A"
1462|"DC"|"DC,Rasalhague Military District,Trondheim Prefecture"
1464|"CC"|"CC,Sian Commonality,Region 7"
1467|"LC"|"LC,Tamar Pact,Tamar Domains"
1470|"FS"|"FS,Draconis March,Robinson Operational Area,Region 3"
1473|"LC"|"LC,Protectorate of Donegal,District of Donegal"
1476|"DC"|"DC,Benjamin Military District,Xinyang Prefecture"
1479|"FWL"|"FWL"
1480|"CC"|"CC,Capella Commonality,Region 6"
1481|"CC"|"CC,Sarna Commonality,Region 3"
1486|"DC"|"DC,Pesht Military District,Pusht-i-rud Prefecture"
1488|"DC"|"DC,Rasalhague Military District,Radstadt Prefecture"
1492|"MOC"|"MOC,Canopus District"
1493|"FS"|"FS,Capellan March,Taygeta Operational Area,Region 1"
1495|"CC"|"CC,Sian Commonality,Region 14"
1496|"FS"|"FS,Draconis March,Woodbine Operational Area,Region 5"
1497|"DC"|"DC,Pesht Military District,Ningxia Prefecture"
1503|"CC"|"CC,Sian Commonality,Region 11"
1505|"MOC"|"MOC,Canopus District"
1508|"TC"|"TC,Perdition Union"
1509|"A"|"A"
1510|"OA"|"OA,Blommestein Province"
1512|"DC"|"DC,Pesht Military District,Bjarred Prefecture"
1515|"OA"|"OA,Alpheratz Province"
1517|"LC"|"LC,Protectorate of Donegal,Furillo Province"
1518|"TC"|"TC,Dumassas Region"
1519|"LC"|"LC,Protectorate of Donegal,Coventry Province"
1520|"FS"|"FS,Capellan March,Taygeta Operational Area,Region 2"
1521|"LC"|"LC,Tamar Pact,Camlann Shire"
1522|"LL"|"LL,Faction Capital"
1525|"FWL"|"FWL,Duchy of Graham-Marik"
1537|"OA"|"OA,Ramora Province"
1539|"DC"|"DC,Pesht Military District,Kagoshima Prefecture,Faction Capital"
1540|"MOC"|"MOC,Ballad Province"
1552|"FS"|"FS,Crucis March,Chirikof Operational Area,Region 2"
1558|"FWL"|"FWL"
1561|"LC"|"LC,Tamar Pact,Tamar Domains"
1565|"FS"|"FS,Capellan March,Taygeta Operational Area,Region 1"
1566|"LC"|"LC,Protectorate of Donegal,Coventry Province"
1571|"I"|"I"
1573|"FWL"|"FWL"
1576|"LC"|"LC,Tamar Pact,Trellshire"
1577|"DC"|"DC,Dieron Military District,Addicks Prefecture"
1581|"CC"|"CC,Tikonov Commonality,Region 5"
1583|"FS"|"FS,Capellan March,Taygeta Operational Area,Region 1"
1586|"CC"|"CC,Tikonov Commonality,Region 9"
1589|"FWL"|"FWL,Marik Commonwealth"
1590|"FWL"|"FWL,Principality of Regulus"
1591|"FS"|"FS,Crucis March,Minette Operational Area,Tsamma Combat Region"
1592|"DC"|"DC,Rasalhague Military District,Tinaca Prefecture"
1595|"FWL"|"FWL"
1597|"LC"|"LC,Protectorate of Donegal,Coventry Province"
1600|"MOC"|"MOC,Canopus District"
1602|"FWL"|"FWL"
1604|"FWL"|"FWL"
1609|"FWL"|"FWL,Marik Commonwealth"
1613|"DC"|"DC,Dieron Military District,Addicks Prefecture"
1616|"DC"|"DC,Galedon Military District,Matsuida Prefecture"
1618|"LC"|"LC,Protectorate of Donegal,Alarion Province"
1621|"CC"|"CC,Capella Commonality,Region 1"
1622|"TC"|"TC,Perdition Union"
1625|"FWL"|"FWL,Federation of Oriente"
1628|"CC"|"CC,Andurien Commonality,Region 2"
1631|"FWL"|"FWL"
1633|"LC"|"LC,Tamar Pact,Trellshire"
1634|"FWL"|"FWL,Abbey District"
1639|"FWL"|"FWL"
1644|"LC"|"LC,Protectorate of Donegal,Furillo Province"
1645|"FWL"|"FWL,Federation of Oriente"
1650|"I"|"I"
1653|"LC"|"LC,Protectorate of Donegal,Furillo Province"
1655|"TC"|"TC,Hyades Union"
1656|"I"|"I"
1658|"FS"|"FS,Crucis March,Markesan Operational Area,Region 3"
1662|"A"|"A"
1666|"I"|"I"
1667|"LC"|"LC,Protectorate of Donegal,Coventry Province"
1671|"FS"|"FS,Crucis March,Minette Operational Area,Broken Wheel Combat Region"
1672|"FS"|"FS,Capellan March,Taygeta Operational Area,Region 1"
1673|"TC"|"TC,Hyades Union"
1674|"CC"|"CC,Tikonov Commonality,Region 5"
1681|"LC"|"LC,Protectorate of Donegal,Alarion Province"
1682|"A"|"A"
1687|"FS"|"FS,Crucis March,Minette Operational Area,Broken Wheel Combat Region"
1689|"FWL"|"FWL"
1692|"FS"|"FS,Crucis March,Minette Operational Area,Anjin Muerto Combat Region"
1694|"FWL"|"FWL,Marik Commonwealth"
1698|"FS"|"FS,Capellan March,Taygeta Operational Area,Region 1"
1701|"DC"|"DC,Galedon Military District,Oshika Prefecture"
1703|"FS"|"FS,Draconis March,Woodbine Operational Area"
1706|"FWL"|"FWL"
1709|"LC"|"LC,Federation of Skye,Isle of Skye"
1710|"I"|"I"
1713|"OA"|"OA,Cerberus Province"
1714|"FS"|"FS,Crucis March,Minette Operational Area,Point Barrow Combat Region,Minor Capital"
1715|"CC"|"CC,Capella Commonality,Region 4"
1719|"CC"|"CC,Tikonov Commonality,Region 7"
1724|"CC"|"CC,Sian Commonality,Region 11"
1725|"OA"|"OA,Alpheratz Province"
1730|"LC"|"LC,Federation of Skye,Isle of Skye"
1731|"OA"|"OA,Traders Domain"
1733|"LC"|"LC,Protectorate of Donegal,Coventry Province"
1734|"MOC"|"MOC,Luxen Province"
1737|"FWL"|"FWL,Principality of Gibson"
1738|"FS"|"FS,Crucis March,Minette Operational Area,Tsamma Combat Region"
1740|"FS"|"FS,Crucis March,Minette Operational Area,Point Barrow Combat Region"
1742|"MOC"|"MOC,Ballad Province"
1743|"CC"|"CC,Capella Commonality,Region 4"
1745|"FS"|"FS,Capellan March,Kathil Operational Area,Region 2"
1749|"LC"|"LC,Tamar Pact,Tamar Domains"
1754|"CC"|"CC,Sarna Commonality,Region 6"
1758|"LC"|"LC,Protectorate of Donegal,Coventry Province"
1761|"LC"|"LC,Protectorate of Donegal,Alarion Province"
1763|"OA"|"OA,Ramora Province"
1773|"DC"|"DC,Dieron Military District,Addicks Prefecture"
1779|"FS"|"FS,Crucis March,Markesan Operational Area,Region 1"
1783|"CC"|"CC,Capella Commonality,Region 5"
1784|"I"|"I"
1789|"FWL"|"FWL"
1791|"LC"|"LC,Tamar Pact,Camlann Shire"
1794|"FWL"|"FWL,Duchy of Andurien"
1795|"FS"|"FS,Capellan March,Kathil Operational Area,Region 2"
1801|"CC"|"CC,St. Ives Commonality,Region 2"
1802|"FWL"|"FWL,Marik Commonwealth"
1803|"FS"|"FS,Crucis March,Markesan Operational Area,Region 2"
1806|"FWL"|"FWL,Rim Commonality"
1808|"FS"|"FS,Draconis March,Woodbine Operational Area,Region 3"
1818|"DC"|"DC,Dieron Military District,Lone Star Prefecture"
1819|"LC"|"LC,Tamar Pact,Trellshire"
1823|"A"|"A"
1830|"TC"|"TC,Hyades Union"
1831|"TD"|"TD"
1836|"LC"|"LC,Protectorate of Donegal,Alarion Province"
1837|"FS"|"FS,Draconis March,Robinson Operational Area,Region 2"
1839|"CC"|"CC,Sarna Commonality,Region 5"
1840|"DC"|"DC,Benjamin Military District,Irurzun Prefecture"
1852|"CC"|"CC,Tikonov Commonality,Region 1"
1853|"DC"|"DC,Benjamin Military District,Proserpina Prefecture"
1858|"TC"|"TC,Hyades Union"
1859|"DC"|"DC,Dieron Military District,Kuzuu Prefecture"
1860|"CC"|"CC,Sian Commonality,Region 5"
1863|"LC"|"LC,Protectorate of Donegal,Coventry Province"
1868|"I"|"I"
1876|"FS"|"FS,Crucis March,Chirikof Operational Area,Region 1"
1881|"CC"|"CC,Capella Commonality,Region 3"
1883|"MOC"|"MOC,Canopus District"
1884|"FWL"|"FWL"
1885|"FS"|"FS,Crucis March,Chirikof Operational Area,Region 1"
1889|"CC"|"CC,Tikonov Commonality,Region 4"
1890|"FWL"|"FWL,Marik Commonwealth"
1892|"LC"|"LC,Tamar Pact,Trellshire"
1896|"FS"|"FS,Crucis March,Chirikof Operational Area,Region 1"
1897|"LC"|"LC,Protectorate of Donegal,Coventry Province"
1900|"LC"|"LC,Protectorate of Donegal,Alarion Province"
1907|"CC"|"CC,Sian Commonality,Region 7"
1911|"LC"|"LC,Protectorate of Donegal,Alarion Province"
1912|"FS"|"FS,Crucis March,Chirikof Operational Area,Region 1"
1913|"LC"|"LC,Federation of Skye,Isle of Skye"
1918|"FWL"|"FWL,Marik Commonwealth"
1919|"DC"|"DC,Benjamin Military District,Baldur Prefecture"
1923|"FS"|"FS,Crucis March,Markesan Operational Area,Region 2"
1924|"FS"|"FS,Crucis March,Minette Operational Area,Anjin Muerto Combat Region"
1927|"CC"|"CC,Tikonov Commonality,Region 8"
1935|"DC"|"DC,Galedon Military District,Kaznejoy Prefecture"
1936|"CC"|"CC,Capella Commonality,Region 5"
1937|"CC"|"CC,St. Ives Commonality,Region 4"
1938|"FS"|"FS,Crucis March,Minette Operational Area,Broken Wheel Combat Region"
1939|"FWL"|"FWL"
1941|"DC"|"DC,Benjamin Military District,Xinyang Prefecture"
1944|"FS"|"FS,Capellan March,Kathil Operational Area,Region 1"
1946|"LC"|"LC,Tamar Pact,Camlann Shire"
1948|"FWL"|"FWL,Federation of Oriente,Major Capital"
1953|"DC"|"DC,Benjamin Military District,Kajikazawa Prefecture"
1958|"FS"|"FS,Draconis March,Woodbine Operational Area,Region 2"
1960|"A"|"A"
1968|"CC"|"CC,Capella Commonality,Region 5"
1969|"TC"|"TC,Hyades Union"
1970|"FS"|"FS,Draconis March,Woodbine Operational Area,Region 1"
1971|"CC"|"CC,Sian Commonality,Region 3"
1976|"LC"|"LC,Tamar Pact,Tamar Domains"
1977|"LC"|"LC,Protectorate of Donegal,Coventry Province"
1978|"FWL"|"FWL"
1979|"FS"|"FS,Crucis March,Chirikof Operational Area,Region 2"
1983|"LC"|"LC,Protectorate of Donegal,Coventry Province"
1984|"A"|"A"
1985|"LC"|"LC,Federation of Skye,Rahneshire"
1988|"FWL"|"FWL"
1989|"FS"|"FS,Crucis March,Markesan Operational Area,Region 2"
1991|"FS"|"FS,Draconis March,Woodbine Operational Area,Region 1"
1993|"LC"|"LC,Protectorate of Donegal,Coventry Province"
1996|"FS"|"FS,Crucis March,Markesan Operational Area,Region 2"
1997|"FS"|"FS,Crucis March,Markesan Operational Area,Region 3"
1999|"FWL"|"FWL,Federation of Oriente"
2004|"FWL"|"FWL"
2007|"LC"|"LC,Protectorate of Donegal,Alarion Province"
2008|"LC"|"LC,Protectorate of Donegal,Alarion Province"
2009|"CC"|"CC,Sian Commonality,Region 11"
2011|"TC"|"TC,Perdition Union,Major Capital"
2012|"DC"|"DC,Galedon Military District,Kaznejoy Prefecture"
2013|"CC"|"CC,Capella Commonality,Region 5"
2016|"LC"|"LC,Tamar Pact,Trellshire"
2017|"DC"|"DC,Pesht Military District,Kagoshima Prefecture,Major Capital"
2019|"FWL"|"FWL"
2020|"LC"|"LC,Federation of Skye,Kannon Shire"
2021|"LC"|"LC,Federation of Skye,Isle of Skye"
2026|"A"|"A"
2027|"DC"|"DC,Dieron Military District,Lone Star Prefecture"
2029|"A"|"A"
2030|"CC"|"CC,Andurien Commonality,Region 3"
2035|"FS"|"FS,Draconis March,Woodbine Operational Area,Region 1"
2037|"CC"|"CC,Sarna Commonality,Region 7"
2038|"FS"|"FS,Capellan March,Taygeta Operational Area,Region 1"
2040|"FWL"|"FWL,Marik Commonwealth"
2043|"LC"|"LC,Protectorate of Donegal,Alarion Province"
2044|"FS"|"FS,Crucis March,Minette Operational Area,Point Barrow Combat Region"
2046|"DC"|"DC,Dieron Military District,Addicks Prefecture"
2049|"DC"|"DC,Rasalhague Military District,Radstadt Prefecture"
2050|"DC"|"DC,Galedon Military District,New Samarkand Prefecture"
2056|"FS"|"FS,Crucis March,Markesan Operational Area,Region 2"
2057|"LC"|"LC,Protectorate of Donegal,Alarion Province"
2059|"FWL"|"FWL"
2060|"OA"|"OA,Alpheratz Province"
2063|"LC"|"LC,Protectorate of Donegal,Furillo Province"
2067|"CC"|"CC,Sian Commonality,Region 8"
2070|"OA"|"OA,Cerberus Province"
2071|"CC"|"CC,Sian Commonality,Region 8"
2074|"FWL"|"FWL"
2075|"CC"|"CC,Capella Commonality,Region 1"
2076|"DC"|"DC,Benjamin Military District,Proserpina Prefecture,Minor Capital"
2078|"LC"|"LC,Protectorate of Donegal,Coventry Province"
2079|"A"|"A"
2082|"OA"|"OA,Blommestein Province"
2083|"TC"|"TC,Brinton Union"
2084|"LC"|"LC,Protectorate of Donegal,Coventry Province"
2086|"LC"|"LC,Protectorate of Donegal,Coventry Province"
2089|"LC"|"LC,Tamar Pact,Camlann Shire"
2093|"DC"|"DC,Dieron Military District,Lone Star Prefecture"
2096|"CC"|"CC,Sian Commonality,Region 9"
2101|"FS"|"FS,Capellan March,Kathil Operational Area,Region 3"
2105|"LC"|"LC,Protectorate of Donegal,Alarion Province"
2106|"DC"|"DC,Rasalhague Military District,Radstadt Prefecture,Minor Capital"
2107|"OA"|"OA,Traders Domain"
2108|"FWL"|"FWL,Federation of Oriente"
2111|"OA"|"OA,Baliggora Province"
2112|"FS"|"FS,Draconis March,Robinson Operational Area,Region 2"
2113|"FWL"|"FWL,Duchy of Orloff"
2115|"FS"|"FS,Crucis March,Markesan Operational Area,Region 2"
2116|"OA"|"OA,Ramora Province,Major Capital"
2121|"FWL"|"FWL,Marik Commonwealth"
2122|"LC"|"LC,Tamar Pact,Camlann Shire"
2125|"LC"|"LC,Protectorate of Donegal,Coventry Province"
2126|"CC"|"CC,St. Ives Commonality,Region 3"
2131|"FS"|"FS,Crucis March,Markesan Operational Area,Region 1"
2139|"FS"|"FS,Crucis March,Minette Operational Area,Broken Wheel Combat Region"
2140|"OA"|"OA,Traders Domain"
2146|"FWL"|"FWL"
2147|"LC"|"LC,Protectorate of Donegal,Alarion Province"
2156|"LC"|"LC,Protectorate of Donegal,Alarion Province"
2157|"CC"|"CC,Tikonov Commonality,Region 4"
2158|"OA"|"OA,Cerberus Province"
2164|"FS"|"FS,Draconis March,Robinson Operational Area,Region 3"
2165|"DC"|"DC,Pesht Military District,Coudoux Prefecture"
2167|"A"|"A"
2177|"CC"|"CC,Andurien Commonality,Region 2"
2180|"LC"|"LC,Protectorate of Donegal,Alarion Province"
2182|"FS"|"FS,Draconis March,Robinson Operational Area,Region 4"
2188|"OA"|"OA,Alpheratz Province"
2194|"FWL"|"FWL,Duchy of Andurien"
2196|"FWL"|"FWL"
2201|"FWL"|"FWL"
2205|"CC"|"CC,St. Ives Commonality,Region 6"
2213|"DC"|"DC,Galedon Military District,New Samarkand Prefecture"
2214|"CC"|"CC,Andurien Commonality,Region 2"
2215|"FS"|"FS,Crucis March,Markesan Operational Area,Region 3"
2218|"FWL"|"FWL"
2219|"FS"|"FS,Crucis March,Markesan Operational Area,Region 2"
2224|"TC"|"TC,Dumassas Region"
2227|"FS"|"FS,Crucis March,Markesan Operational Area,Region 1"
2229|"LC"|"LC,Protectorate of Donegal,Coventry Province"
2230|"DC"|"DC,Galedon Military District,New Samarkand Prefecture"
2233|"FWL"|"FWL"
2234|"LC"|"LC,Protectorate of Donegal,Alarion Province"
2235|"FWL"|"FWL,Duchy of Oriente"
2236|"LC"|"LC,Protectorate of Donegal,Alarion Province"
2240|"LC"|"LC,Protectorate of Donegal,Alarion Province"
2241|"FWL"|"FWL,Marik Commonwealth"
2242|"CC"|"CC,Sarna Commonality,Region 4"
2253|"DC"|"DC,Pesht Military District,Bjarred Prefecture"
2254|"CC"|"CC,Andurien Commonality,Region 3"
2257|"CC"|"CC,Tikonov Commonality,Region 7"
2258|"FWL"|"FWL"
2259|"FWL"|"FWL"
2260|"FWL"|"FWL"
2262|"MOC"|"MOC,Ballad Province"
2273|"LC"|"LC,Tamar Pact,Trellshire"
2277|"DC"|"DC,Benjamin Military District,Baldur Prefecture"
2281|"I"|"I"
2283|"DC"|"DC,Pesht Military District,Ningxia Prefecture"
2284|"DC"|"DC,Rasalhague Military District,Tinaca Prefecture"
2288|"LC"|"LC,Tamar Pact,Tamar Domains"
2289|"LC"|"LC,Protectorate of Donegal,Alarion Province"
2294|"FWL"|"FWL,Principality of Regulus"
2299|"FS"|"FS,Crucis March,Minette Operational Area,Anjin Muerto Combat Region"
2301|"CC"|"CC,Sarna Commonality,Region 1"
2307|"DC"|"DC,Benjamin Military District,Kajikazawa Prefecture"
2308|"FWL"|"FWL"
2314|"LC"|"LC,Federation of Skye,Kannon Shire"
2316|"MOC"|"MOC,Luxen Province"
2318|"OA"|"OA,Onverwacht Province"
2319|"CC"|"CC,Andurien Commonality,Region 1"
2320|"LC"|"LC,Tamar Pact,Camlann Shire"
2321|"DC"|"DC,Dieron Military District,Kuzuu Prefecture"
2325|"FWL"|"FWL"
2327|"CC"|"CC,Sian Commonality,Region 4,Faction Capital"
2329|"I"|"I"
2331|"FWL"|"FWL"
2336|"A"|"A"
2338|"FWL"|"FWL,Abbey District"
2340|"DC"|"DC,Galedon Military District,New Samarkand Prefecture"
2341|"TC"|"TC,Dumassas Region"
2342|"FWL"|"FWL"
2344|"DC"|"DC,Galedon Military District,New Samarkand Prefecture"
2345|"CC"|"CC,Sian Commonality,Region 11"
2346|"FWL"|"FWL"
2349|"A"|"A"
2350|"DC"|"DC,Dieron Military District,Addicks Prefecture"
2351|"FS"|"FS,Crucis March,Minette Operational Area,Broken Wheel Combat Region"
2355|"FWL"|"FWL"
2356|"LC"|"LC,Federation of Skye,Isle of Skye,Major Capital"
2357|"DC"|"DC,Pesht Military District,Pusht-i-rud Prefecture"
2362|"FS"|"FS,Capellan March,Kathil Operational Area,Region 1"
2363|"LC"|"LC,Protectorate of Donegal,Alarion Province"
2364|"FS"|"FS,Capellan March,Kathil Operational Area,Region 2"
2366|"A"|"A"
2367|"FS"|"FS,Crucis March,Minette Operational Area,Broken Wheel Combat Region"
2373|"LC"|"LC,Tamar Pact,Trellshire"
2378|"A"|"A"
2383|"FWL"|"FWL,Principality of Regulus"
2385|"CC"|"CC,St. Ives Commonality,Region 4"
2387|"DC"|"DC,Rasalhague Military District,Radstadt Prefecture"
2389|"FS"|"FS,Crucis March,Minette Operational Area,Broken Wheel Combat Region"
2391|"CC"|"CC,St. Ives Commonality,Region 2,Major Capital"
2397|"LC"|"LC,Protectorate of Donegal,Alarion Province"
2400|"LC"|"LC,Protectorate of Donegal,Alarion Province"
2401|"I"|"I"
2405|"FS"|"FS,Crucis March,Minette Operational Area,Anjin Muerto Combat Region"
2406|"CC"|"CC,St. Ives Commonality,Region 3"
2407|"LC"|"LC,Protectorate of Donegal,Alarion Province"
2409|"FS"|"FS,Draconis March,Woodbine Operational Area,Region 4"
2411|"TC"|"TC,Perdition Union"
2414|"LC"|"LC,Protectorate of Donegal,Alarion Province"
2415|"FS"|"FS,Capellan March,Kathil Operational Area,Region 2"
2418|"FWL"|"FWL"
2421|"FS"|"FS,Crucis March,Markesan Operational Area,Region 3"
2433|"LC"|"LC,Federation of Skye,Isle of Skye"
2434|"A"|"A"
2435|"LC"|"LC,Protectorate of Donegal,District of Donegal"
2436|"CC"|"CC,Sian Commonality,Region 6"
2437|"FS"|"FS,Draconis March,Woodbine Operational Area,Region 2"
2439|"A"|"A"
2440|"LC"|"LC,Protectorate of Donegal,District of Donegal"
2442|"FS"|"FS,Crucis March,Chirikof Operational Area,Region 1"
2457|"I"|"I"
2459|"A"|"A"
2460|"FWL"|"FWL"
2462|"DC"|"DC,Galedon Military District,New Samarkand Prefecture"
2468|"DC"|"DC,Benjamin Military District,Baldur Prefecture"
2470|"CC"|"CC,Tikonov Commonality,Region 5"
2471|"A"|"A"
2472|"CC"|"CC,St. Ives Commonality,Region 5"
2475|"FWL"|"FWL"
2478|"DC"|"DC,Benjamin Military District,Irurzun Prefecture"
2480|"LC"|"LC,Protectorate of Donegal,Coventry Province"
2486|"CC"|"CC,St. Ives Commonality,Region 4"
2489|"LC"|"LC,Protectorate of Donegal,Alarion Province"
2492|"FS"|"FS,Draconis March,Robinson Operational Area,Region 3"
2498|"LC"|"LC,Federation of Skye,Isle of Skye"
2507|"A"|"A"
2511|"DC"|"DC,Dieron Military District,Ashio Prefecture"
2512|"FWL"|"FWL,Rim Commonality"
2514|"FWL"|"FWL,Duchy of Andurien"
2521|"CC"|"CC,St. Ives Commonality,Region 5"
2523|"LC"|"LC,Protectorate of Donegal,Alarion Province"
2534|"FWL"|"FWL,Marik Commonwealth"
2536|"MOC"|"MOC,Ballad Province"
2538|"DC"|"DC,Rasalhague Military District,Trondheim Prefecture"
2545|"CC"|"CC,Tikonov Commonality,Region 7,Major Capital"
2546|"LC"|"LC,Protectorate of Donegal,Alarion Province"
2555|"FS"|"FS,Draconis March,Robinson Operational Area,Region 4"
2561|"DC"|"DC,Benjamin Military District,Kajikazawa Prefecture"
2564|"FWL"|"FWL,Marik Commonwealth"
2572|"DC"|"DC,Galedon Military District,New Samarkand Prefecture"
2577|"LC"|"LC,Tamar Pact,Trellshire"
2581|"LC"|"LC,Protectorate of Donegal,Coventry Province"
2590|"CC"|"CC,Sarna Commonality,Region 6"
2592|"FS"|"FS,Crucis March,Minette Operational Area,Tsamma Combat Region"
2598|"FWL"|"FWL,Principality of Regulus"
2600|"LC"|"LC,Tamar Pact,Camlann Shire"
2602|"LC"|"LC,Protectorate of Donegal,Furillo Province"
2606|"DC"|"DC,Pesht Military District,Coudoux Prefecture"
2608|"LC"|"LC,Tamar Pact,Trellshire"
2611|"CC"|"CC,Sian Commonality,Region 15"
2613|"FS"|"FS,Draconis March,Robinson Operational Area,Region 4"
2614|"LC"|"LC,Tamar Pact,Camlann Shire"
2616|"LC"|"LC,Federation of Skye,Rahneshire"
2617|"LC"|"LC,Protectorate of Donegal,Alarion Province"
2619|"CC"|"CC,Sarna Commonality,Region 4"
2621|"DC"|"DC,Pesht Military District,Kagoshima Prefecture"
2625|"CC"|"CC,Sian Commonality,Region 15"
2628|"CC"|"CC,Sarna Commonality,Region 7"
2630|"FS"|"FS,Crucis March,Markesan Operational Area,Region 3"
2634|"LC"|"LC,Protectorate of Donegal,Coventry Province"
2635|"CC"|"CC,St. Ives Commonality,Region 4"
2647|"DC"|"DC,Galedon Military District,Kaznejoy Prefecture"
2650|"I"|"I"
2658|"I"|"I"
2659|"FWL"|"FWL,Duchy of Orloff"
2665|"FS"|"FS,Crucis March,Markesan Operational Area,Region 3"
2670|"LC"|"LC,Protectorate of Donegal,Alarion Province"
2671|"CC"|"CC,Sarna Commonality,Region 1"
2675|"FS"|"FS,Crucis March,Minette Operational Area,Point Barrow Combat Region"
2676|"CC"|"CC,Sian Commonality,Region 10"
2677|"LC"|"LC,Protectorate of Donegal,Alarion Province"
2681|"FS"|"FS,Draconis March,Woodbine Operational Area,Region 3"
2682|"FS"|"FS,Crucis March,Minette Operational Area,Tsamma Combat Region"
2690|"LC"|"LC,Federation of Skye,Isle of Skye"
2692|"CC"|"CC,Capella Commonality,Region 5"
2693|"DC"|"DC,Rasalhague Military District,Radstadt Prefecture"
2694|"DC"|"DC,Pesht Military District,Bjarred Prefecture"
2695|"CC"|"CC,Andurien Commonality,Region 2"
2703|"A"|"A"
2705|"FWL"|"FWL,Regulan Free States"
2706|"LC"|"LC,Tamar Pact,Tamar Domains"
2708|"DC"|"DC,Benjamin Military District,Proserpina Prefecture"
2712|"OA"|"OA,Baliggora Province"
2720|"CC"|"CC,Sian Commonality,Region 15"
2722|"FS"|"FS,Capellan March,Taygeta Operational Area,Region 2"
2724|"CC"|"CC,Tikonov Commonality,Region 5"
2726|"FWL"|"FWL,Duchy of Andurien"
2729|"FS"|"FS,Crucis March,Markesan Operational Area,Region 1"
2731|"FWL"|"FWL"
2733|"FS"|"FS,Crucis March,Minette Operational Area,Point Barrow Combat Region"
2738|"FS"|"FS,Capellan March,Taygeta Operational Area,Region 2"
2740|"MOC"|"MOC,Ballad Province"
2741|"CC"|"CC,Sian Commonality,Region 11"
2742|"A"|"A"
2747|"CC"|"CC,Sian Commonality,Region 3"
2748|"LC"|"LC,Protectorate of Donegal,District of Donegal"
2751|"CC"|"CC,Sarna Commonality,Region 2"
2754|"LC"|"LC,Federation of Skye,Virginia Shire"
2756|"FWL"|"FWL,Principality of Regulus"
2759|"LC"|"LC,Protectorate of Donegal,Alarion Province"
2761|"LC"|"LC,Protectorate of Donegal,Coventry Province"
2765|"LC"|"LC,Protectorate of Donegal,Coventry Province"
2766|"FWL"|"FWL"
2769|"DC"|"DC,Pesht Military District,Kagoshima Prefecture"
2771|"DC"|"DC,Pesht Military District,Bjarred Prefecture"
2773|"CC"|"CC,Tikonov Commonality,Region 3"
2776|"LC"|"LC,Tamar Pact,Trellshire"
2777|"FS"|"FS,Capellan March,Taygeta Operational Area,Region 1"
2779|"LC"|"LC,Protectorate of Donegal,Coventry Province"
2782|"OA"|"OA,Traders Domain,Major Capital"
2784|"FWL"|"FWL,Duchy of Andurien"
2787|"FWL"|"FWL"
2790|"DC"|"DC,Pesht Military District,Kagoshima Prefecture"
2796|"LC"|"LC,Federation of Skye,Kannon Shire"
2797|"LC"|"LC,Federation of Skye,Virginia Shire"
2802|"DC"|"DC,Dieron Military District,Lone Star Prefecture"
2803|"LC"|"LC,Protectorate of Donegal,Alarion Province"
2806|"DC"|"DC,Benjamin Military District,Xinyang Prefecture"
2814|"I"|"I"
2815|"LC"|"LC,Protectorate of Donegal,Coventry Province"
2820|"FWL"|"FWL"
2821|"MOC"|"MOC,Canopus District"
2823|"LC"|"LC,Federation of Skye,Isle of Skye"
2827|"LC"|"LC,Federation of Skye,Virginia Shire"
2830|"I"|"I"
2832|"TC"|"TC,Perdition Union"
2833|"FWL"|"FWL,Marik Commonwealth"
2834|"I"|"I"
2841|"CC"|"CC,Tikonov Commonality,Region 9"
2846|"FWL"|"FWL"
2850|"CC"|"CC,Tikonov Commonality,Region 6"
2851|"LC"|"LC,Protectorate of Donegal,Furillo Province"
2852|"LC"|"LC,Protectorate of Donegal,Furillo Province"
2854|"I"|"I"
2861|"U"|"U"
2863|"U"|"U"
2864|"U"|"U"
2865|"U"|"U"
2867|"LL"|"LL"
2870|"LL"|"LL"
2872|"U"|"U"
2877|"U"|"U"
2878|"U"|"U"
2879|"U"|"U"
2881|"U"|"U"
2883|"U"|"U"
2886|"U"|"U"
2888|"U"|"U"
2898|"U"|"U"
2899|"U"|"U"
2900|"U"|"U"
2902|"U"|"U"
2903|"U"|"U"
2905|"U"|"U"
2909|"U"|"U"
2916|"U"|"U"
2917|"U"|"U"
2919|"U"|"U"
2923|"CC"|"CC,Chesterton Commonality"
2924|"U"|"U"
2927|"U"|"U"
2928|"C"|"C"
2929|"CBR"|"CBR,Faction Capital"
2936|"CNC"|"CNC"
2943|"U"|"U"
2946|"U"|"U"
2948|"U"|"U"
2951|"CSJ"|"CSJ"
2954|"U"|"U"
2956|"U"|"U"
2960|"CSA"|"CSA,Faction Capital"
2964|"C"|"C"
2965|"U"|"U"
2966|"U"|"U"
2967|"U"|"U"
2968|"C"|"C"
2972|"NC"|"NC"
2973|"NC"|"NC"
2974|"NC"|"NC,Faction Capital"
2976|"NC"|"NC"
2981|"U"|"U"
2983|"U"|"U"
2985|"U"|"U"
2987|"U"|"U"
2989|"U"|"U"
2992|"U"|"U"
2993|"U"|"U"
2996|"U"|"U"
3000|"U"|"U"
3004|"U"|"U"
3007|"U"|"U"
3011|"U"|"U"
3017|"U"|"U"
3019|"U"|"U"
3020|"U"|"U"
3021|"A"|"A"
3023|"U"|"U"
3024|"U"|"U"
3028|"U"|"U"
3031|"U"|"U"
3032|"U"|"U"
3033|"U"|"U"
3039|"U"|"U"
3040|"U"|"U"
3042|"U"|"U"
3044|"U"|"U"
3045|"U"|"U"
3046|"U"|"U"
3051|"U"|"U"
3064|"I"|"I"
3065|"AP"|"AP"
3066|"AP"|"AP"
3067|"AP"|"AP"
3069|"AP"|"AP"
3085|"A"|"A"
3087|"A"|"A"
3089|"U"|"U"
3090|"U"|"U"
3096|"NDC"|"NDC"
3097|"NDC"|"NDC"
3100|"NDC"|"NDC"
3101|"NDC"|"NDC"
3102|"NDC"|"NDC"
3103|"NDC"|"NDC,Faction Capital"
3104|"NDC"|"NDC"
3109|"U"|"U"
3110|"I"|"I"
3114|"U"|"U"
3119|"U"|"U"
3128|"U"|"U"
3129|"JF"|"JF"
3136|"JF"|"JF"
3138|"U"|"U"
3139|"JF"|"JF"
3140|"A"|"A"
3141|"A"|"A"
3143|"A"|"A"
3149|"I"|"I"
3153|"U"|"U"
3154|"U"|"U"
3162|"U"|"U"
3163|"U"|"U"
3166|"I"|"I"
3167|"U"|"U"
3169|"U"|"U"
3171|"U"|"U"
3172|"U"|"U"
3173|"U"|"U"
3174|"U"|"U"
